<?xml version="1.0" encoding="UTF-8"?>
<project-private xmlns="http://www.netbeans.org/ns/project-private/1">
    <editor-bookmarks xmlns="http://www.netbeans.org/ns/editor-bookmarks/2" lastBookmarkId="0"/>
    <open-files xmlns="http://www.netbeans.org/ns/projectui-open-files/2">
        <group>
            <file>file:/C:/Users/swing/Documents/NetBeansProjects/TesteNutri/web/Login.html</file>
            <file>file:/C:/Users/swing/Documents/NetBeansProjects/TesteNutri/src/java/BancoDeDados/ClienteBd.java</file>
            <file>file:/C:/Users/swing/Documents/NetBeansProjects/TesteNutri/nbproject/build-impl.xml</file>
            <file>file:/C:/Users/swing/Documents/NetBeansProjects/TesteNutri/web/MenuProduto.html</file>
            <file>file:/C:/Users/swing/Documents/NetBeansProjects/TesteNutri/web/login.jsp</file>
            <file>file:/C:/Users/swing/Documents/NetBeansProjects/TesteNutri/src/java/servlets/VerificaLogin.java</file>
        </group>
    </open-files>
</project-private>
